id,split,is_identity
1,train,False
2,train,False
3,train,True
4,train,True
5,train,False
6,train,False
7,train,True
8,train,True
9,train,False
10,train,False
11,train,True
12,train,False
13,train,False
14,train,True
15,train,False
16,train,False
17,train,False
18,train,False
19,train,False
20,train,False
21,train,True
22,test,True
23,train,True
24,test,False
25,train,True
26,train,False
27,test,False
28,train,True
29,train,False
30,test,False
31,test,False
32,train,False
33,test,True
34,train,False
35,train,False
36,train,False
37,test,True
38,train,False
39,train,False
40,train,False
41,train,False
42,train,True
43,test,False
44,train,False
45,train,False
46,train,False
47,train,False
48,train,True
49,train,False
50,train,True
51,train,False
52,train,False
53,train,False
54,train,False
55,train,True
56,train,False
57,train,False
58,train,False
59,test,False
60,train,True
61,train,False
62,test,False
63,train,False
64,train,False
65,train,False
66,train,False
67,train,False
68,train,True
69,train,False
70,train,False
71,test,True
72,train,True
73,train,False
74,train,False
75,train,False
76,train,False
77,test,True
78,train,False
79,train,False
80,test,False
81,train,False
82,train,False
83,test,True
84,train,True
85,train,False
86,train,False
87,train,True
88,train,False
89,train,False
90,train,True
91,train,False
92,train,False
93,test,False
94,train,False
95,test,True
96,train,True
97,test,False
98,test,False
99,train,False
100,train,True
101,train,False
102,train,False
103,train,True
104,train,True
105,train,True
106,train,False
107,train,False
108,train,True
109,train,False
110,train,False
111,test,False
112,test,False
113,train,False
114,train,True
115,train,False
116,test,True
117,train,True
118,train,True
119,train,False
120,train,False
121,train,False
122,train,False
123,train,True
124,train,False
125,train,True
126,train,False
127,train,False
128,test,False
129,train,False
130,train,True
131,train,True
132,train,False
133,train,False
134,train,False
135,train,False
136,train,False
137,train,True
138,train,True
139,train,True
140,test,True
141,test,True
142,train,False
143,train,False
144,test,False
145,train,False
146,train,True
147,train,True
148,train,False
149,train,False
150,train,False
151,train,True
152,train,False
153,train,False
154,test,False
155,test,False
156,train,True
157,train,True
158,train,True
159,train,False
160,train,True
161,train,False
162,test,False
163,train,False
164,test,False
165,train,False
166,train,True
167,train,True
168,train,False
169,train,True
170,train,True
171,train,False
172,train,False
173,train,True
174,train,True
175,train,False
176,test,False
177,test,False
178,test,False
179,train,True
180,test,False
181,train,False
182,train,False
183,train,False
184,train,False
185,train,False
186,train,False
187,train,False
188,train,False
189,train,False
190,train,False
191,train,False
192,train,False
193,train,False
194,train,False
195,train,False
196,test,False
197,test,True
198,train,False
199,test,False
200,train,False
201,train,False
202,train,False
203,train,False
204,train,False
205,train,True
206,train,True
207,train,False
208,test,False
209,test,False
210,train,True
211,train,False
212,train,False
213,test,True
214,train,False
215,train,True
216,train,False
217,train,True
218,train,True
219,train,False
220,train,False
221,train,False
222,train,False
223,train,False
224,train,False
225,train,True
226,test,False
227,train,True
228,train,True
229,train,False
230,train,False
231,train,True
232,train,False
233,train,False
234,train,False
235,train,False
236,test,False
237,train,False
238,train,False
239,test,False
240,train,False
241,train,False
242,test,False
243,test,False
244,train,True
245,train,False
246,train,False
247,train,False
248,train,False
249,train,False
250,train,False
251,test,False
252,test,False
253,train,False
254,train,False
255,train,False
256,train,False
257,train,False
258,test,False
259,train,False
260,test,False
261,train,False
262,train,False
263,train,True
264,train,False
265,train,False
266,train,True
267,test,True
268,train,True
269,train,False
270,train,True
271,train,False
272,train,True
273,train,False
274,train,False
275,test,False
276,train,True
277,train,True
278,test,False
279,test,False
280,train,False
281,train,False
282,train,False
283,test,False
284,train,False
285,train,False
286,train,False
287,train,False
288,train,False
289,train,True
290,train,False
291,train,False
292,train,True
293,train,True
294,train,False
295,train,True
296,train,True
297,test,True
298,train,False
299,train,True
300,train,False
301,test,False
302,train,True
303,train,False
304,train,False
305,train,False
306,train,False
307,train,False
308,train,True
309,train,True
310,train,False
311,test,True
312,train,False
313,train,False
314,train,False
315,train,True
316,train,False
317,train,True
318,train,False
319,train,False
320,train,True
321,train,False
322,train,False
323,train,True
324,train,True
325,train,False
326,train,False
327,test,True
328,train,False
329,train,False
330,train,False
331,train,False
332,train,False
333,train,False
334,train,False
335,test,False
336,train,True
337,train,True
338,test,False
339,train,False
340,train,True
341,train,False
342,train,True
343,train,True
344,test,False
345,test,True
346,train,False
347,train,False
348,train,False
349,train,False
350,train,False
351,train,False
352,train,False
353,train,False
354,train,False
355,test,False
356,train,False
357,train,False
358,test,True
359,test,True
360,train,False
361,train,False
362,train,False
363,train,True
364,train,False
365,train,False
366,train,False
367,train,False
368,test,True
369,train,False
370,train,False
371,train,True
372,test,False
373,train,False
374,test,True
375,test,False
376,test,False
377,train,False
378,test,True
379,train,False
380,train,False
381,train,False
382,train,True
383,train,False
384,train,False
385,train,False
386,train,False
387,train,True
388,train,True
389,train,False
390,train,False
391,train,False
392,train,False
393,train,False
394,train,False
395,train,True
396,test,False
397,test,True
398,test,False
399,train,False
400,train,False
401,train,False
402,test,False
403,train,False
404,train,False
405,train,False
406,train,True
407,test,False
408,train,False
409,train,False
410,test,True
411,train,False
412,train,False
413,train,False
414,test,False
415,test,False
416,train,False
417,train,False
418,train,True
419,train,True
420,test,False
421,train,False
422,train,False
423,train,True
424,test,True
425,train,False
426,train,False
427,train,False
428,test,True
429,train,False
430,train,False
431,train,True
432,train,False
433,train,False
434,train,False
435,train,True
436,train,False
437,test,False
438,train,False
439,train,False
440,train,False
441,test,False
442,train,False
443,test,False
444,train,True
445,test,True
446,train,False
447,test,False
448,train,False
449,train,False
450,train,False
451,test,False
452,train,False
453,train,True
454,train,False
455,test,False
456,train,False
457,train,False
458,train,False
459,test,False
460,train,False
461,train,False
462,train,False
463,test,False
464,train,False
465,train,False
466,test,False
467,train,True
468,test,True
469,train,False
470,train,True
471,train,False
472,test,True
473,test,False
474,train,False
475,test,False
476,test,True
477,train,False
478,train,True
479,train,True
480,train,False
481,train,False
482,train,False
483,train,False
484,train,False
485,train,False
486,train,False
487,train,True
488,train,False
489,test,False
490,test,False
491,train,False
492,train,False
493,train,True
494,train,False
495,train,False
496,test,False
497,train,True
498,train,False
499,train,False
500,train,False
501,train,False
502,train,False
503,train,False
504,train,False
505,train,False
506,train,False
507,test,False
508,train,False
509,train,False
510,train,False
511,train,False
512,test,False
513,test,False
514,train,False
515,test,False
516,train,False
517,train,False
518,train,False
519,train,False
520,train,False
521,train,False
522,train,False
523,train,True
524,train,True
525,test,False
526,train,False
527,train,False
528,train,False
529,train,False
530,test,True
531,train,True
532,test,False
533,train,False
534,train,False
535,test,False
536,train,True
537,train,True
538,train,True
539,test,True
540,train,False
541,train,True
542,train,False
543,train,False
544,train,False
545,train,False
546,train,False
547,train,False
548,train,True
549,test,False
550,train,False
551,train,False
552,train,False
553,train,True
554,test,True
555,test,False
556,train,False
557,train,True
558,train,False
559,train,False
560,train,False
561,train,True
562,train,False
563,train,True
564,train,False
565,train,False
566,test,False
567,test,False
568,train,False
569,train,False
570,train,False
571,train,False
572,train,True
573,test,True
574,train,True
575,train,False
576,test,True
577,train,False
578,train,False
579,train,False
580,train,False
581,train,True
582,test,False
583,train,True
584,test,False
585,test,False
586,train,False
587,train,False
588,test,True
589,train,False
590,test,False
591,train,True
592,train,True
593,train,False
594,train,False
595,test,True
596,train,True
597,train,False
598,train,False
599,train,False
600,train,False
601,train,True
602,train,False
603,train,False
604,test,False
605,train,False
606,train,False
607,train,True
608,train,False
609,test,False
610,train,False
611,train,True
612,test,False
613,train,False
614,train,True
615,train,False
616,test,False
617,test,True
618,train,True
619,train,False
620,test,False
621,train,False
622,train,False
623,train,True
624,train,False
625,train,False
626,train,False
627,test,False
628,train,False
629,train,False
630,train,False
631,train,True
632,train,True
633,train,False
634,train,False
635,test,False
636,train,False
637,test,False
638,train,False
639,train,False
640,test,False
641,train,True
642,train,False
643,train,True
644,test,False
645,train,False
646,test,True
647,train,False
648,test,False
649,train,False
650,train,False
651,train,False
652,test,False
653,train,False
654,train,False
655,train,False
656,train,False
657,test,False
658,train,False
659,test,False
660,train,False
661,test,False
662,train,False
663,train,True
664,test,False
665,train,False
666,train,True
667,train,False
668,test,False
669,train,False
670,train,False
671,train,False
672,train,True
673,test,False
674,test,False
675,train,True
676,train,False
677,train,False
678,train,True
679,train,False
680,train,True
681,train,True
682,train,False
683,train,False
684,train,False
685,train,False
686,train,False
687,train,True
688,train,False
689,train,False
690,train,False
691,test,False
692,test,False
693,train,False
694,train,False
695,train,False
696,test,False
697,test,True
698,train,False
699,train,False
700,train,True
701,train,True
702,train,False
703,test,True
704,train,True
705,train,False
706,train,False
707,test,False
708,train,False
709,train,False
710,train,False
711,train,False
712,train,False
713,train,False
714,train,False
715,test,False
716,train,False
717,test,False
718,train,False
719,train,False
720,train,False
721,train,False
722,train,True
723,train,False
724,train,False
725,train,False
726,train,True
727,train,False
728,test,True
729,train,False
730,train,True
731,train,False
732,train,False
733,test,False
734,train,False
735,test,False
736,test,False
737,train,False
738,train,False
739,train,False
740,train,False
741,train,True
742,test,False
743,train,False
744,train,False
745,train,True
746,train,False
747,test,False
748,test,False
749,test,True
750,train,False
751,test,False
752,train,False
753,train,True
754,train,False
755,train,False
756,train,True
757,train,False
758,test,False
759,test,False
760,train,True
761,train,True
762,test,False
763,test,False
764,test,True
765,train,False
766,train,True
767,train,False
768,train,True
769,test,False
770,train,False
771,train,False
772,test,False
773,train,False
774,train,False
775,train,False
776,train,False
777,train,True
778,train,False
779,train,False
780,test,False
781,train,False
782,train,False
783,train,False
784,train,False
785,train,False
786,test,False
787,train,True
788,test,True
789,test,True
790,train,False
791,train,False
792,train,False
793,train,False
794,test,True
795,train,False
796,train,False
797,train,False
798,train,False
799,train,False
800,train,False
801,test,False
802,train,True
803,train,False
804,train,True
805,train,True
806,test,False
807,train,True
808,test,False
809,train,False
810,train,False
811,test,False
812,train,False
813,train,True
814,train,False
815,train,True
816,train,False
817,train,False
818,train,False
819,train,False
820,train,False
821,test,False
822,train,True
823,train,True
824,test,False
825,train,False
826,train,False
827,train,False
828,train,False
829,test,False
830,train,False
831,train,True
832,train,False
833,train,True
834,train,True
835,train,False
836,train,False
837,train,False
838,test,True
839,train,False
840,train,False
841,train,False
842,train,False
843,train,False
844,train,False
845,train,False
846,train,False
847,train,False
848,test,False
849,train,False
850,test,False
851,train,False
852,train,False
853,train,False
854,train,False
855,test,False
856,train,False
857,train,False
858,train,False
859,train,True
860,train,False
861,train,False
862,train,False
863,train,True
864,test,False
865,train,False
866,train,False
867,train,False
868,train,True
869,train,False
870,test,False
871,train,False
872,train,False
873,train,True
874,train,True
875,train,False
876,train,False
877,train,False
878,train,False
879,train,False
880,test,False
881,train,False
882,train,False
883,train,True
884,train,False
885,test,True
886,test,False
887,train,False
888,train,False
889,test,False
890,train,False
891,train,False
892,train,False
893,train,False
894,train,False
895,train,True
896,train,True
897,train,False
898,train,True
899,train,True
900,train,False
901,train,False
902,test,False
903,train,False
904,train,True
905,train,False
906,train,False
907,train,False
908,train,True
909,train,False
910,train,False
911,train,False
912,train,False
913,train,False
914,train,False
915,train,False
916,train,True
917,test,False
918,train,False
919,train,True
920,train,False
921,train,False
922,train,False
923,train,False
924,train,False
925,train,True
926,test,False
927,train,False
928,train,True
929,train,False
930,train,False
931,train,True
932,train,False
933,train,False
934,train,True
935,train,False
936,train,True
937,train,False
938,train,False
939,train,False
940,train,False
941,train,False
942,test,True
943,train,False
944,test,False
945,test,False
946,train,False
947,train,False
948,train,True
949,train,False
950,train,True
951,train,False
952,train,True
953,train,False
954,train,True
955,train,False
956,train,False
957,train,False
958,train,False
959,test,False
960,train,False
961,train,False
962,train,True
963,train,True
964,train,False
965,train,False
966,train,False
967,train,False
968,train,False
969,train,False
970,train,False
971,test,False
972,train,True
973,train,False
974,train,False
975,test,False
976,train,False
977,train,False
978,train,False
979,train,True
980,train,False
981,train,False
982,test,False
983,train,False
984,test,True
985,train,False
986,train,False
987,test,False
988,train,False
989,train,True
990,train,True
991,train,False
992,train,True
993,train,False
994,train,True
995,train,True
996,test,False
997,train,False
998,train,True
999,train,True
1000,train,False
1001,test,True
1002,train,False
1003,train,True
1004,train,False
1005,train,False
1006,train,False
1007,train,False
1008,train,False
1009,train,False
1010,train,False
1011,train,True
1012,test,False
1013,train,True
1014,test,False
1015,train,False
1016,train,False
1017,train,False
1018,train,False
1019,train,False
1020,train,False
1021,train,False
1022,train,False
1023,train,True
1024,test,False
1025,train,False
1026,train,False
1027,train,False
1028,train,False
1029,train,True
1030,train,False
1031,train,False
1032,train,False
1033,train,True
1034,train,True
1035,train,True
1036,train,False
1037,train,False
1038,train,False
1039,train,False
1040,train,False
1041,train,False
1042,test,False
1043,train,False
1044,test,True
1045,train,False
1046,train,False
1047,train,False
1048,train,False
1049,train,False
1050,train,False
1051,train,False
1052,train,False
1053,test,False
1054,train,False
1055,train,False
1056,train,False
1057,test,False
1058,train,False
1059,train,True
1060,train,False
1061,train,False
1062,train,False
1063,train,False
1064,train,False
1065,train,False
1066,train,False
1067,train,False
1068,test,False
1069,train,False
1070,train,False
1071,train,False
1072,train,True
1073,train,False
1074,train,True
1075,test,False
1076,test,True
1077,train,True
1078,train,False
1079,train,False
1080,train,True
1081,test,True
1082,train,True
1083,train,True
1084,train,True
1085,train,False
1086,train,False
1087,train,False
1088,train,False
1089,train,True
1090,train,False
1091,train,True
1092,test,False
1093,train,False
1094,train,True
1095,train,False
1096,train,False
1097,train,True
1098,train,False
1099,train,False
1100,test,False
1101,train,True
1102,test,True
1103,train,False
1104,train,True
1105,train,False
1106,train,False
1107,train,False
1108,train,True
1109,train,False
1110,test,False
1111,train,False
1112,train,False
1113,test,False
1114,train,False
1115,train,True
1116,train,False
1117,train,False
1118,test,False
1119,test,False
1120,train,False
1121,train,False
1122,train,False
1123,test,False
1124,test,False
1125,train,False
1126,train,False
1127,train,False
1128,train,True
1129,train,False
1130,train,False
1131,train,False
1132,train,False
1133,train,False
1134,train,False
1135,train,False
1136,train,False
1137,train,False
1138,train,False
1139,train,False
1140,test,False
1141,train,False
1142,train,False
1143,train,False
1144,train,True
1145,train,False
1146,test,False
1147,train,True
1148,test,False
1149,train,False
1150,test,True
1151,train,False
1152,train,False
1153,train,True
1154,test,False
1155,train,False
1156,train,False
1157,train,False
1158,test,True
1159,train,False
1160,train,False
1161,train,False
1162,train,False
1163,train,False
1164,test,False
1165,train,False
1166,train,True
1167,train,True
1168,train,True
1169,test,False
1170,train,False
1171,train,False
1172,train,True
1173,train,False
1174,train,False
1175,train,False
1176,train,True
1177,train,False
1178,train,True
1179,train,False
1180,train,False
1181,test,False
1182,train,True
1183,train,False
1184,train,False
1185,train,True
1186,train,False
1187,train,False
1188,train,False
1189,test,True
1190,test,True
1191,train,False
1192,train,False
1193,train,False
1194,train,False
1195,train,True
1196,train,False
1197,train,False
1198,train,False
1199,train,False
1200,train,False
1201,train,False
1202,train,False
1203,train,True
1204,train,False
1205,train,False
1206,train,True
1207,train,False
1208,train,True
1209,train,True
1210,train,False
1211,train,False
1212,test,False
1213,train,False
1214,test,False
1215,train,False
1216,train,False
1217,train,False
1218,train,False
1219,train,True
1220,test,False
1221,train,False
1222,train,False
1223,test,False
1224,test,True
1225,train,False
1226,train,True
1227,train,False
1228,train,True
1229,test,False
1230,train,True
1231,test,False
1232,train,False
1233,test,False
1234,test,False
1235,test,False
1236,train,False
1237,train,False
1238,train,False
1239,train,False
1240,train,False
1241,train,False
1242,train,True
1243,train,False
1244,train,False
1245,train,False
1246,train,False
1247,train,True
1248,train,False
1249,train,False
1250,train,True
1251,train,True
1252,test,False
1253,train,False
1254,train,False
1255,train,False
1256,train,False
1257,train,False
1258,test,False
1259,test,True
1260,train,True
1261,train,False
1262,train,False
1263,train,True
1264,test,False
1265,train,False
1266,train,False
1267,train,True
1268,train,False
1269,train,False
1270,train,False
1271,test,True
1272,train,True
1273,train,False
1274,train,False
1275,test,False
1276,train,False
1277,test,False
1278,train,False
1279,test,False
1280,train,False
1281,train,False
1282,train,True
1283,train,False
1284,test,True
1285,train,False
1286,train,False
1287,train,True
1288,train,False
1289,train,False
1290,train,False
1291,test,False
1292,train,False
1293,test,True
1294,train,False
1295,test,False
1296,train,False
1297,train,True
1298,train,True
1299,train,True
1300,train,True
1301,test,False
1302,test,True
1303,test,False
1304,train,False
1305,train,False
1306,train,False
1307,train,False
1308,train,False
1309,test,False
1310,train,False
1311,test,False
1312,train,True
1313,train,False
1314,train,False
1315,train,True
1316,train,True
1317,train,True
1318,train,False
1319,train,False
1320,train,False
1321,train,True
1322,train,False
1323,train,True
1324,train,True
1325,test,True
1326,train,True
1327,train,False
1328,train,False
1329,train,False
1330,train,True
1331,train,True
1332,train,True
1333,train,True
1334,train,False
1335,train,True
1336,train,False
1337,test,False
1338,train,True
1339,test,False
1340,train,False
1341,train,False
1342,train,False
1343,test,False
1344,test,False
1345,train,False
1346,train,False
1347,test,False
1348,train,False
1349,train,True
1350,train,False
1351,train,False
1352,train,False
1353,train,False
1354,train,False
1355,train,False
1356,train,False
1357,train,False
1358,train,False
1359,train,False
1360,train,True
1361,test,True
1362,train,True
1363,train,False
1364,train,True
1365,train,True
1366,test,False
1367,test,True
1368,train,False
1369,train,True
1370,train,False
1371,train,False
1372,train,False
1373,train,False
1374,train,False
1375,train,True
1376,test,True
1377,test,False
1378,train,True
1379,train,False
1380,test,False
1381,train,False
1382,train,False
1383,train,True
1384,train,True
1385,train,False
1386,test,False
1387,train,True
1388,train,True
1389,train,False
1390,train,False
1391,train,True
1392,train,True
1393,train,False
1394,test,False
1395,train,False
1396,test,False
1397,train,True
1398,test,False
1399,test,False
1400,train,True
1401,train,True
1402,train,True
1403,train,False
1404,test,False
1405,test,True
1406,train,False
1407,train,True
1408,train,False
1409,train,True
1410,train,False
1411,test,True
1412,train,False
1413,train,False
1414,train,False
1415,train,False
1416,train,True
1417,test,True
1418,train,False
1419,train,False
1420,train,False
1421,train,True
1422,train,True
1423,train,False
1424,test,False
1425,train,False
1426,train,False
1427,train,False
1428,train,False
1429,train,True
1430,train,False
1431,train,False
1432,train,False
1433,train,False
1434,test,False
1435,train,False
1436,train,False
1437,train,True
1438,test,True
1439,test,False
1440,train,True
1441,train,True
1442,train,False
1443,test,True
1444,train,False
1445,train,True
1446,train,True
1447,train,False
1448,train,False
1449,test,False
1450,test,False
1451,train,False
1452,train,True
1453,train,False
1454,train,False
1455,train,False
1456,train,False
1457,train,True
1458,train,True
1459,train,False
1460,train,False
1461,train,False
1462,train,False
1463,train,False
1464,train,True
1465,train,False
1466,train,True
1467,test,False
1468,train,False
1469,train,False
1470,train,False
1471,train,False
1472,train,False
1473,train,True
1474,test,False
1475,test,False
1476,train,False
1477,train,True
1478,train,False
1479,train,False
1480,train,False
1481,test,False
1482,train,False
1483,train,False
1484,train,False
1485,test,False
1486,test,False
1487,test,True
1488,train,True
1489,test,False
1490,test,False
1491,train,True
1492,test,False
1493,test,True
1494,train,True
1495,train,False
1496,train,False
1497,train,False
1498,train,True
1499,train,False
1500,test,True
1501,train,False
1502,train,False
1503,train,False
1504,train,True
1505,train,False
1506,train,False
1507,train,False
1508,test,False
1509,test,False
1510,train,True
1511,train,False
1512,train,False
1513,train,False
1514,test,True
1515,train,False
1516,train,False
1517,test,False
1518,test,True
1519,train,False
1520,train,False
1521,train,False
1522,train,True
1523,train,False
1524,train,False
1525,train,False
1526,test,False
1527,train,False
1528,train,True
1529,train,False
1530,train,False
1531,train,False
1532,train,False
1533,train,False
1534,train,True
1535,train,False
1536,train,True
1537,train,True
1538,train,False
1539,test,False
1540,train,True
1541,train,True
1542,train,False
1543,train,False
1544,train,True
1545,train,False
1546,train,True
1547,train,False
1548,train,False
1549,train,False
1550,train,False
1551,train,False
1552,train,False
1553,train,True
1554,train,True
1555,train,False
1556,train,True
1557,train,True
1558,train,False
1559,train,True
1560,train,True
1561,train,False
1562,train,False
1563,train,False
1564,train,False
1565,test,True
1566,test,False
1567,train,False
1568,train,True
1569,train,False
1570,train,True
1571,train,False
1572,train,False
1573,train,True
1574,train,False
1575,train,True
1576,test,True
1577,train,False
1578,test,False
1579,train,False
1580,train,False
1581,test,False
1582,train,False
1583,train,False
1584,train,False
1585,train,False
1586,train,True
1587,test,False
1588,train,False
1589,train,True
1590,train,True
1591,train,False
1592,train,False
1593,train,False
1594,train,False
1595,train,False
1596,test,True
1597,train,True
1598,train,True
1599,train,True
1600,train,True
1601,train,False
1602,train,False
1603,train,False
1604,train,False
1605,train,True
1606,train,False
1607,test,False
1608,train,True
1609,train,False
1610,train,False
1611,train,False
1612,train,False
1613,train,False
1614,test,True
1615,train,False
1616,train,True
1617,train,False
1618,test,False
1619,train,False
1620,train,False
1621,test,True
1622,train,True
1623,train,False
1624,train,False
1625,train,False
1626,train,True
1627,train,True
1628,train,False
1629,train,False
1630,train,False
1631,train,False
1632,train,False
1633,train,False
1634,train,False
1635,test,False
1636,train,False
1637,train,False
1638,train,False
1639,train,False
1640,train,False
1641,train,False
1642,train,False
1643,train,False
1644,train,True
1645,train,True
1646,train,False
1647,train,False
1648,train,False
1649,train,True
1650,train,False
1651,train,False
1652,train,False
1653,train,False
1654,train,False
1655,train,False
1656,train,False
1657,train,False
1658,train,False
1659,train,False
1660,train,False
1661,train,False
1662,train,False
1663,train,False
1664,test,True
1665,train,False
1666,train,False
1667,train,False
1668,train,True
1669,train,True
1670,train,True
1671,test,True
1672,train,True
1673,train,False
1674,train,False
1675,train,False
1676,train,False
1677,train,True
1678,train,False
1679,train,True
1680,train,False
1681,train,False
1682,train,False
1683,train,False
1684,test,False
1685,train,False
1686,train,False
1687,train,False
1688,train,False
1689,train,False
1690,train,False
1691,train,True
1692,train,False
1693,test,True
1694,train,True
1695,train,False
1696,train,True
1697,test,False
1698,train,False
1699,train,False
1700,train,False
1701,test,False
1702,train,True
1703,train,False
1704,test,False
1705,train,True
1706,train,False
1707,train,True
1708,train,False
1709,train,False
1710,test,False
1711,test,False
1712,train,False
1713,train,True
1714,train,False
1715,train,True
1716,train,False
1717,train,False
1718,train,False
1719,train,True
1720,test,False
1721,train,True
1722,train,False
1723,train,False
1724,train,False
1725,train,False
1726,train,False
1727,train,False
1728,train,False
1729,test,False
1730,train,False
1731,train,False
1732,train,False
1733,train,False
1734,train,False
1735,test,True
1736,train,True
1737,train,False
1738,train,True
1739,train,True
1740,train,False
1741,test,True
1742,train,False
1743,train,True
1744,train,True
1745,train,False
1746,train,False
1747,test,False
1748,train,False
1749,train,False
1750,train,False
1751,train,True
1752,train,True
1753,train,True
1754,train,False
1755,train,True
1756,train,False
1757,train,False
1758,test,False
1759,test,False
1760,train,False
1761,train,False
1762,train,False
1763,train,False
1764,train,False
1765,train,True
1766,test,False
1767,test,False
1768,train,False
1769,train,True
1770,train,False
1771,train,False
1772,train,False
1773,train,False
1774,train,True
1775,train,True
1776,train,True
1777,test,True
1778,train,True
1779,train,True
1780,train,True
1781,test,False
1782,train,True
1783,train,True
1784,train,False
1785,test,True
1786,train,True
1787,test,True
1788,test,False
1789,train,True
1790,train,False
1791,train,True
1792,test,False
1793,train,True
1794,test,False
1795,train,True
1796,test,True
1797,train,False
1798,train,False
1799,train,False
1800,train,False
1801,train,True
1802,train,False
1803,test,False
1804,test,False
1805,test,True
1806,train,False
1807,train,False
1808,train,True
1809,test,False
1810,train,False
1811,test,False
1812,test,False
1813,train,False
1814,train,True
1815,train,True
1816,test,False
1817,train,False
1818,train,True
1819,train,True
1820,train,True
1821,train,True
1822,train,False
1823,test,False
1824,test,False
1825,train,True
1826,train,False
1827,train,False
1828,train,True
1829,train,True
1830,train,False
1831,train,True
1832,test,False
1833,train,False
1834,train,False
1835,train,False
1836,train,False
1837,train,False
1838,train,True
1839,train,True
1840,train,False
1841,train,False
1842,train,False
1843,train,True
1844,train,True
1845,train,False
1846,test,False
1847,train,False
1848,train,False
1849,train,True
1850,test,False
1851,train,False
1852,train,False
1853,test,False
1854,train,False
1855,test,False
1856,train,True
1857,train,False
1858,train,False
1859,train,True
1860,train,False
1861,train,False
1862,train,True
1863,train,True
1864,train,True
1865,train,False
1866,train,True
1867,train,True
1868,test,True
1869,train,False
1870,train,False
1871,test,True
1872,train,False
1873,train,True
1874,train,False
1875,train,True
1876,train,False
1877,train,False
1878,train,True
1879,train,False
1880,test,False
1881,train,False
1882,train,False
1883,train,False
1884,train,True
1885,train,True
1886,test,False
1887,test,False
1888,test,False
1889,train,False
1890,train,False
1891,test,True
1892,train,False
1893,test,False
1894,test,True
1895,test,False
1896,train,False
1897,train,False
1898,train,False
1899,train,False
1900,train,False
1901,train,True
1902,train,True
1903,train,False
1904,test,True
1905,train,False
1906,train,True
1907,test,True
1908,test,False
1909,train,False
1910,train,False
1911,train,False
1912,test,False
1913,train,True
1914,train,False
1915,train,False
1916,train,False
1917,test,True
1918,train,False
1919,train,False
1920,train,False
1921,train,False
1922,train,True
1923,train,False
1924,test,False
1925,test,False
1926,train,True
1927,train,False
1928,test,False
1929,test,False
1930,train,True
1931,train,False
1932,train,False
1933,test,False
1934,train,False
1935,train,False
1936,train,True
1937,train,False
1938,test,False
1939,test,False
1940,train,False
1941,train,False
1942,train,True
1943,test,False
1944,train,True
1945,train,False
1946,train,False
1947,train,False
1948,train,False
1949,train,False
1950,train,False
1951,train,False
1952,test,False
1953,train,False
1954,train,False
1955,train,False
1956,train,True
1957,train,False
1958,train,False
1959,train,True
1960,test,False
1961,train,False
1962,train,False
1963,train,False
1964,train,False
1965,train,False
1966,train,True
1967,train,False
1968,train,False
1969,train,False
1970,train,False
1971,train,False
1972,train,False
1973,train,False
1974,train,False
1975,train,False
1976,train,False
1977,train,True
1978,train,True
1979,train,False
1980,train,False
1981,test,False
1982,train,False
1983,train,False
1984,train,False
1985,train,True
1986,train,False
1987,test,False
1988,train,False
1989,train,False
1990,train,False
1991,train,False
1992,train,False
1993,train,False
1994,train,True
1995,test,False
1996,train,False
1997,test,False
1998,test,True
1999,train,True
2000,train,True
2001,train,False
2002,train,False
2003,train,False
2004,test,True
2005,train,False
2006,train,False
2007,train,False
2008,train,False
2009,train,True
2010,train,False
2011,test,False
2012,test,False
2013,train,True
2014,train,False
2015,train,False
2016,train,False
2017,train,False
2018,train,False
2019,test,False
2020,test,False
2021,train,False
2022,train,False
2023,train,False
2024,train,True
2025,test,False
2026,train,False
2027,train,False
2028,train,False
2029,test,False
2030,train,False
2031,train,False
2032,test,False
2033,train,False
2034,train,False
2035,train,False
2036,train,False
2037,train,False
2038,train,True
2039,train,False
2040,train,False
2041,train,False
2042,train,False
2043,test,False
2044,train,True
2045,train,False
2046,test,False
2047,train,False
2048,train,False
2049,train,False
2050,train,True
2051,test,True
2052,train,False
2053,train,False
2054,train,False
2055,train,False
2056,train,True
2057,train,False
2058,train,False
2059,train,False
2060,train,False
2061,train,False
2062,test,True
2063,test,True
2064,train,False
2065,train,False
2066,train,True
2067,train,False
2068,test,False
2069,test,True
2070,train,False
2071,train,True
2072,train,False
2073,train,False
2074,train,False
2075,test,True
2076,train,True
2077,test,False
2078,train,True
2079,train,False
2080,train,False
2081,test,False
2082,train,False
2083,test,False
2084,test,False
2085,train,False
2086,train,True
2087,test,False
2088,test,False
2089,train,False
2090,train,True
2091,train,False
2092,test,False
2093,train,False
2094,train,True
2095,test,True
2096,train,False
2097,train,False
2098,train,False
2099,train,False
2100,train,False
2101,test,False
2102,train,True
2103,test,True
2104,train,True
2105,train,False
2106,train,True
2107,train,False
2108,train,False
2109,train,False
2110,train,True
2111,train,False
2112,test,False
2113,train,True
2114,train,False
2115,train,False
2116,train,False
2117,train,True
2118,train,False
2119,train,False
2120,test,False
2121,train,False
2122,train,False
2123,train,False
2124,test,False
2125,train,False
2126,train,True
2127,train,False
2128,train,False
2129,train,True
2130,train,False
2131,train,True
2132,train,False
2133,train,True
2134,train,False
2135,test,False
2136,train,False
2137,train,False
2138,train,False
2139,train,False
2140,test,False
2141,train,False
2142,train,False
2143,train,False
2144,train,False
2145,train,False
2146,train,False
2147,train,False
2148,train,False
2149,test,False
2150,train,False
2151,train,True
2152,train,True
2153,train,False
2154,train,False
2155,test,False
2156,train,False
2157,train,False
2158,train,False
2159,train,False
2160,train,False
2161,train,False
2162,train,True
2163,train,False
2164,train,True
2165,train,False
2166,train,False
2167,train,True
2168,train,False
2169,train,False
2170,train,False
2171,train,False
2172,test,True
2173,train,False
2174,train,False
2175,test,False
2176,train,False
2177,train,False
2178,test,False
2179,train,True
2180,train,True
2181,train,False
2182,train,False
2183,train,True
2184,train,False
2185,test,False
2186,train,False
2187,train,False
2188,train,False
2189,train,False
2190,train,True
2191,test,True
2192,test,False
2193,train,False
2194,train,False
2195,test,False
2196,train,False
2197,train,False
2198,test,True
2199,test,False
2200,test,False
2201,test,False
2202,train,False
2203,train,False
2204,train,True
2205,train,False
2206,train,False
2207,test,False
2208,train,False
2209,test,False
2210,train,False
2211,train,False
2212,train,False
2213,train,True
2214,train,False
2215,train,True
2216,train,True
2217,train,False
2218,test,False
2219,train,True
2220,train,False
2221,train,False
2222,train,True
2223,test,False
2224,train,True
2225,train,True
2226,train,True
2227,train,False
2228,train,True
2229,train,True
2230,train,False
2231,train,False
2232,train,True
2233,train,False
2234,test,False
2235,train,False
2236,train,True
2237,test,True
2238,test,False
2239,train,False
2240,train,True
2241,train,True
2242,test,False
2243,train,False
2244,train,False
2245,train,False
2246,train,False
2247,train,False
2248,train,False
2249,train,False
2250,test,False
2251,train,True
2252,test,False
2253,train,False
2254,train,True
2255,test,False
2256,train,True
2257,train,False
2258,train,False
2259,train,False
2260,test,False
2261,train,False
2262,train,False
2263,train,False
2264,train,True
2265,train,True
2266,test,False
2267,train,False
2268,train,False
2269,train,False
2270,train,True
2271,train,False
2272,train,False
2273,train,False
2274,train,False
2275,train,False
2276,test,True
2277,train,False
2278,train,False
2279,train,False
2280,train,True
2281,test,False
2282,train,False
2283,train,True
2284,train,False
2285,train,False
2286,test,True
2287,train,True
2288,test,False
2289,test,True
2290,train,False
2291,train,False
2292,train,False
2293,train,False
2294,train,False
2295,train,False
2296,train,False
2297,train,False
2298,train,False
2299,test,False
2300,train,True
2301,train,False
2302,train,False
2303,test,True
2304,train,False
2305,train,False
2306,train,False
2307,train,False
2308,train,False
2309,test,False
2310,train,False
2311,train,False
2312,test,False
2313,test,False
2314,train,False
2315,train,True
2316,train,True
2317,test,True
2318,train,False
2319,test,True
2320,test,False
2321,train,True
2322,test,False
2323,train,False
2324,train,False
2325,train,False
2326,test,True
2327,train,False
2328,train,False
2329,train,True
2330,train,False
2331,train,True
2332,train,False
2333,test,False
2334,train,False
2335,train,False
2336,test,False
2337,test,True
2338,test,False
2339,train,False
2340,train,True
2341,test,True
2342,train,True
2343,train,True
2344,train,False
2345,test,False
2346,train,False
2347,train,False
2348,test,False
2349,test,False
2350,train,False
2351,train,False
2352,train,False
2353,train,True
2354,train,True
2355,train,False
2356,train,True
2357,train,True
2358,train,True
2359,test,False
2360,train,False
2361,train,False
2362,train,False
2363,train,False
2364,train,True
2365,train,False
2366,train,False
2367,train,False
2368,train,False
2369,test,True
2370,test,True
2371,train,False
2372,train,False
2373,test,False
2374,test,False
2375,train,True
2376,train,False
2377,train,True
2378,train,False
2379,train,False
2380,train,False
2381,train,False
2382,train,False
2383,test,False
2384,train,False
2385,train,False
2386,train,False
2387,test,False
2388,train,True
2389,train,False
2390,train,True
2391,train,False
2392,train,False
2393,train,False
2394,test,False
2395,train,False
2396,train,True
2397,train,True
2398,test,False
2399,train,False
2400,train,True
2401,train,False
2402,train,False
2403,test,False
2404,train,False
2405,train,False
2406,train,False
2407,train,True
2408,train,True
2409,train,False
2410,train,False
2411,train,False
2412,train,False
2413,train,False
2414,train,False
2415,train,False
2416,train,False
2417,train,False
2418,train,True
2419,train,False
2420,train,False
2421,train,False
2422,train,False
2423,train,False
2424,train,True
2425,train,False
2426,train,False
2427,train,True
2428,train,False
2429,train,False
2430,train,False
2431,train,True
2432,train,True
2433,train,False
2434,train,True
2435,train,False
2436,train,False
2437,train,True
2438,train,False
2439,train,True
2440,train,False
2441,train,False
2442,train,False
2443,test,True
2444,train,False
2445,train,True
2446,train,False
2447,train,True
2448,test,False
2449,test,True
2450,train,False
2451,train,True
2452,test,True
2453,test,False
2454,train,False
2455,train,True
2456,train,True
2457,train,True
2458,train,True
2459,train,True
2460,train,True
2461,test,True
2462,train,False
2463,test,False
2464,train,False
2465,train,False
2466,train,False
2467,train,False
2468,train,False
2469,train,False
2470,test,True
2471,train,False
2472,train,False
2473,train,False
2474,test,False
2475,train,False
2476,train,False
2477,test,False
2478,test,True
2479,test,False
2480,train,False
2481,test,True
2482,train,False
2483,train,False
2484,train,True
2485,train,True
2486,train,False
2487,train,False
2488,train,False
2489,test,True
2490,train,True
2491,train,False
2492,train,False
2493,train,False
2494,test,False
2495,test,False
2496,train,False
2497,train,True
2498,train,False
2499,train,True
2500,train,False
2501,train,True
2502,train,True
2503,train,False
2504,test,False
2505,train,False
2506,train,False
2507,train,False
2508,train,True
2509,train,False
2510,train,False
2511,train,False
2512,test,True
2513,train,False
2514,train,False
2515,train,False
2516,train,False
2517,train,True
2518,test,True
2519,train,False
2520,train,False
2521,train,False
2522,train,False
2523,train,False
2524,test,False
2525,train,False
2526,train,False
2527,test,False
2528,train,False
2529,train,False
2530,train,True
2531,train,False
2532,train,False
2533,train,False
2534,train,False
2535,train,False
2536,train,True
2537,train,True
2538,train,False
2539,train,False
2540,train,False
2541,train,False
2542,train,False
2543,train,True
2544,train,False
2545,train,False
2546,test,False
2547,train,False
2548,train,False
2549,train,False
2550,train,False
2551,train,False
2552,test,False
2553,train,False
2554,train,False
2555,train,False
2556,train,False
2557,test,False
2558,train,False
2559,train,False
2560,train,False
2561,train,True
2562,train,False
2563,train,False
2564,test,False
2565,train,True
2566,train,True
2567,train,True
2568,train,False
2569,train,False
2570,train,False
2571,test,False
2572,train,False
2573,test,False
2574,train,False
2575,test,False
2576,train,False
2577,train,False
2578,train,False
2579,train,False
2580,train,False
2581,train,True
2582,train,True
2583,train,False
2584,train,False
2585,train,False
2586,train,False
2587,train,False
2588,train,True
2589,train,False
2590,train,False
2591,train,False
2592,train,False
2593,test,True
2594,train,False
2595,train,False
2596,train,False
2597,train,False
2598,train,True
2599,train,False
2600,train,True
2601,train,False
2602,train,False
2603,train,False
2604,train,True
2605,train,True
2606,train,True
2607,train,True
2608,test,False
2609,train,False
2610,train,True
2611,test,False
2612,train,True
2613,train,True
2614,train,False
2615,test,False
2616,train,False
2617,train,True
2618,train,False
2619,test,False
2620,test,False
2621,test,True
2622,test,False
2623,train,True
2624,train,False
2625,train,False
2626,train,False
2627,train,False
2628,train,False
2629,train,False
2630,train,True
2631,test,False
2632,train,False
2633,test,False
2634,test,True
2635,train,False
2636,train,True
2637,train,False
2638,train,False
2639,train,False
2640,test,False
2641,train,True
2642,train,False
2643,test,False
2644,train,False
2645,train,False
2646,test,False
2647,train,True
2648,train,False
2649,train,True
2650,train,False
2651,test,False
2652,train,False
2653,train,False
2654,train,False
2655,train,False
2656,train,False
2657,train,False
2658,test,False
2659,test,False
2660,test,False
2661,train,False
2662,train,False
2663,train,False
2664,test,False
2665,train,False
2666,train,False
2667,test,True
2668,train,False
2669,train,False
2670,test,False
2671,train,False
2672,train,False
2673,train,False
2674,train,False
2675,test,False
2676,train,False
2677,train,True
2678,train,False
2679,train,False
2680,train,True
2681,train,False
2682,train,True
2683,train,False
2684,train,True
2685,train,False
2686,train,False
2687,test,False
2688,train,True
2689,test,False
2690,train,False
2691,train,True
2692,train,False
2693,train,False
2694,train,False
2695,train,False
2696,test,False
2697,train,False
2698,train,False
2699,test,True
2700,train,False
2701,test,False
2702,train,True
2703,train,False
2704,train,False
2705,train,True
2706,train,False
2707,train,True
2708,train,False
2709,train,True
2710,train,False
2711,test,True
2712,train,False
2713,test,False
2714,train,False
2715,train,False
2716,train,False
2717,test,True
2718,train,False
2719,train,False
2720,train,True
2721,train,False
2722,test,True
2723,train,False
2724,train,False
2725,train,False
2726,test,False
2727,train,False
2728,train,False
2729,train,False
2730,train,False
2731,train,True
2732,test,False
2733,test,False
2734,train,False
2735,train,False
2736,train,False
2737,train,False
2738,train,True
2739,train,True
2740,train,False
2741,train,False
2742,test,False
2743,train,False
2744,train,False
2745,test,False
2746,train,False
2747,train,False
2748,train,False
2749,train,False
2750,train,True
2751,test,False
2752,train,False
2753,train,True
2754,train,False
2755,train,False
2756,test,False
2757,train,True
2758,test,False
2759,train,False
2760,train,True
2761,train,False
2762,train,False
2763,train,False
2764,train,False
2765,test,False
2766,train,False
2767,train,False
2768,train,False
2769,train,False
2770,train,False
2771,train,False
2772,train,False
2773,test,True
2774,test,False
2775,train,False
2776,train,False
2777,train,False
2778,train,False
2779,train,False
2780,train,False
2781,train,False
2782,train,False
2783,train,True
2784,test,False
2785,train,True
2786,train,False
2787,train,False
2788,test,False
2789,train,True
2790,train,False
2791,train,False
2792,train,False
2793,train,False
2794,train,False
2795,test,False
2796,test,True
2797,test,True
2798,test,False
2799,train,False
2800,train,False
2801,train,True
2802,train,False
2803,train,False
2804,train,False
2805,train,False
2806,train,True
2807,train,True
2808,train,False
2809,train,False
2810,train,True
2811,test,False
2812,train,False
2813,train,True
2814,train,True
2815,train,False
2816,test,True
2817,train,True
2818,test,False
2819,train,False
2820,train,False
2821,train,True
2822,train,False
2823,train,True
2824,train,True
2825,train,False
2826,train,False
2827,test,False
2828,train,False
2829,train,False
2830,train,False
2831,test,True
2832,train,False
2833,test,True
2834,train,False
2835,train,False
2836,test,False
2837,train,False
2838,train,False
2839,test,False
2840,train,False
2841,train,False
2842,train,True
2843,train,False
2844,train,False
2845,train,False
2846,train,False
2847,test,False
2848,train,False
2849,train,False
2850,test,True
2851,train,False
2852,train,False
2853,train,False
2854,train,False
2855,train,False
2856,train,False
2857,train,False
2858,train,False
2859,train,False
2860,train,True
2861,train,False
2862,test,False
2863,train,False
2864,train,False
2865,train,False
2866,test,False
2867,train,False
2868,train,False
2869,train,True
2870,train,True
2871,test,False
2872,test,False
2873,train,True
2874,train,False
2875,test,False
2876,train,False
2877,train,False
2878,train,False
2879,train,False
2880,train,False
2881,test,False
2882,train,False
2883,train,False
2884,train,True
2885,test,False
2886,train,False
2887,train,True
2888,test,False
2889,train,False
2890,train,False
2891,train,False
2892,train,True
2893,test,False
2894,train,False
2895,train,False
2896,train,False
2897,train,False
2898,test,False
2899,test,True
2900,train,True
2901,train,False
2902,train,False
2903,train,False
2904,train,False
2905,train,True
2906,train,False
2907,train,False
2908,test,False
2909,train,False
2910,test,False
2911,train,False
2912,train,False
2913,train,True
2914,test,True
2915,train,False
2916,train,False
2917,train,True
2918,train,False
2919,train,False
2920,train,False
2921,test,False
2922,test,False
2923,train,False
2924,train,False
2925,train,True
2926,train,True
2927,test,False
2928,train,True
2929,train,False
2930,train,False
2931,train,False
2932,train,True
2933,train,False
2934,train,False
2935,test,True
2936,test,False
2937,train,False
2938,test,False
2939,test,False
2940,train,True
2941,train,False
2942,test,False
2943,train,True
2944,train,False
2945,train,False
2946,train,False
2947,train,False
2948,test,True
2949,test,False
2950,train,False
2951,train,False
2952,train,False
2953,test,False
2954,train,True
2955,train,False
2956,test,False
2957,train,True
2958,train,True
2959,train,True
2960,train,False
2961,train,False
2962,train,False
2963,train,False
2964,train,True
2965,train,False
2966,train,False
2967,train,False
2968,train,False
2969,train,False
2970,train,True
2971,train,False
2972,train,True
2973,test,False
2974,test,False
2975,train,False
2976,train,False
2977,train,False
2978,train,False
2979,train,False
2980,train,False
2981,train,False
2982,train,False
2983,train,False
2984,train,False
2985,train,False
2986,train,True
2987,train,False
2988,train,True
2989,test,False
2990,train,False
2991,train,False
2992,train,True
2993,test,False
2994,train,True
2995,test,False
2996,test,True
2997,train,True
2998,train,False
2999,train,False
3000,train,False
3001,train,False
3002,train,False
3003,train,False
3004,train,True
3005,train,False
3006,train,False
3007,train,True
3008,test,False
3009,train,False
3010,test,False
3011,train,False
3012,train,False
3013,train,False
3014,train,False
3015,train,False
3016,test,False
3017,train,False
3018,test,False
3019,train,True
3020,test,False
3021,train,True
3022,train,False
3023,train,False
3024,train,False
3025,train,False
3026,test,False
3027,train,False
3028,train,False
3029,test,False
3030,train,False
3031,train,True
3032,train,False
3033,train,True
3034,train,False
3035,train,False
3036,test,False
3037,train,True
3038,train,True
3039,train,False
3040,train,True
3041,train,False
3042,train,False
3043,train,False
3044,train,False
3045,test,False
3046,train,False
3047,test,True
3048,test,False
3049,test,False
3050,train,False
3051,train,False
3052,train,False
3053,train,False
3054,train,True
3055,train,False
3056,test,False
3057,train,True
3058,train,False
3059,train,False
3060,train,True
3061,train,True
3062,train,False
3063,train,True
3064,train,False
3065,test,False
3066,train,False
3067,train,False
3068,train,True
3069,train,False
3070,train,False
3071,test,False
3072,train,False
3073,train,True
3074,train,False
3075,test,True
3076,test,False
3077,train,False
3078,train,True
3079,test,False
3080,train,False
3081,train,False
3082,train,False
3083,train,False
3084,train,False
3085,train,False
3086,train,False
3087,train,False
3088,train,False
3089,train,True
3090,train,False
3091,train,False
3092,train,False
3093,train,True
3094,train,False
3095,train,True
3096,train,False
3097,train,False
3098,test,False
3099,train,False
3100,train,False
3101,train,False
3102,train,False
3103,train,True
3104,train,False
3105,train,False
3106,train,False
3107,test,False
3108,train,False
3109,train,True
3110,train,False
3111,test,False
3112,test,False
3113,train,True
3114,test,False
3115,train,False
3116,train,False
3117,train,False
3118,train,False
3119,train,True
3120,train,False
3121,train,False
3122,train,False
3123,train,False
3124,train,False
3125,train,True
3126,train,False
3127,train,False
3128,test,True
3129,train,False
3130,train,True
3131,train,False
3132,test,True
3133,train,False
3134,train,False
3135,train,False
3136,train,True
3137,test,False
3138,train,False
3139,train,False
3140,test,False
3141,train,False
3142,train,False
3143,train,True
3144,train,False
3145,train,True
3146,test,False
3147,test,False
3148,train,False
3149,train,False
3150,train,False
3151,train,True
3152,train,True
3153,test,True
3154,train,False
3155,train,False
3156,train,False
3157,test,False
3158,test,True
3159,train,False
3160,train,True
3161,train,True
3162,train,False
3163,test,False
3164,train,False
3165,test,True
3166,train,False
3167,test,False
3168,train,False
3169,train,False
3170,test,True
3171,train,False
3172,train,False
3173,train,False
3174,train,False
3175,train,True
3176,train,False
3177,train,False
3178,test,False
3179,test,True
3180,test,True
3181,train,True
3182,train,False
3183,train,False
3184,train,False
3185,train,False
3186,train,False
3187,train,False
3188,train,False
3189,train,True
3190,train,True
3191,train,True
3192,train,False
3193,train,False
3194,train,False
3195,train,False
3196,train,False
3197,train,False
3198,train,False
3199,train,False
3200,train,False
3201,test,True
3202,train,False
3203,train,False
3204,test,False
3205,test,False
3206,train,False
3207,train,False
3208,train,True
3209,test,True
3210,test,False
3211,test,True
3212,test,True
3213,train,False
3214,train,False
3215,train,False
3216,test,True
3217,train,False
3218,test,False
3219,train,False
3220,test,False
3221,train,False
3222,train,False
3223,train,True
3224,train,False
3225,test,False
3226,train,False
3227,test,False
3228,train,True
3229,train,False
3230,test,True
3231,train,False
3232,test,False
3233,train,True
3234,train,False
3235,train,False
3236,train,False
3237,train,False
3238,train,False
3239,train,False
3240,test,False
3241,train,False
3242,test,False
3243,train,False
3244,train,False
3245,train,True
3246,train,False
3247,train,True
3248,train,False
3249,train,False
3250,train,True
3251,train,False
3252,test,False
3253,train,False
3254,test,True
3255,train,True
3256,train,False
3257,train,False
3258,train,False
3259,train,False
3260,train,True
3261,train,False
3262,test,False
3263,train,False
3264,test,False
3265,train,False
3266,train,False
3267,train,True
3268,train,True
3269,train,False
3270,test,True
3271,train,False
3272,test,False
3273,train,True
3274,train,False
3275,train,False
3276,test,False
3277,train,False
3278,train,False
3279,test,False
3280,train,False
3281,train,True
3282,train,False
3283,train,False
3284,train,True
3285,train,True
3286,test,False
3287,test,False
3288,train,False
3289,train,False
3290,train,True
3291,train,False
3292,train,False
3293,train,False
3294,test,False
3295,test,False
3296,train,False
3297,train,True
3298,train,False
3299,train,True
3300,train,False
3301,train,False
3302,test,False
3303,test,False
3304,train,False
3305,train,False
3306,train,False
3307,train,False
3308,train,True
3309,train,False
3310,train,False
3311,train,False
3312,train,True
3313,train,False
3314,train,True
3315,test,False
3316,train,False
3317,train,False
3318,train,False
3319,train,False
3320,train,True
3321,test,False
3322,train,False
3323,train,False
3324,train,False
3325,test,True
3326,train,False
3327,train,True
3328,train,False
3329,train,False
3330,train,True
3331,train,True
3332,train,False
3333,train,False
3334,train,False
3335,train,False
3336,train,True
3337,train,False
3338,train,True
3339,train,True
3340,train,False
3341,train,False
3342,test,False
3343,test,False
3344,test,False
3345,train,True
3346,train,False
3347,train,False
3348,train,False
3349,test,False
3350,train,False
3351,train,False
3352,train,True
3353,train,False
3354,train,False
3355,test,False
3356,train,False
3357,train,False
3358,train,False
3359,train,False
3360,train,False
3361,train,False
3362,train,False
3363,train,False
3364,train,True
3365,train,False
3366,train,False
3367,test,False
3368,train,False
3369,train,False
3370,train,False
3371,train,True
3372,train,False
3373,train,False
3374,test,False
3375,test,True
3376,train,False
3377,train,False
3378,train,False
3379,train,True
3380,train,False
3381,train,True
3382,test,False
3383,train,True
3384,train,False
3385,test,True
3386,train,False
3387,test,False
3388,train,False
3389,test,True
3390,train,True
3391,test,False
3392,test,False
3393,train,True
3394,test,False
3395,train,False
3396,train,False
3397,train,False
3398,test,False
3399,train,True
3400,test,False
3401,test,False
3402,test,False
3403,train,False
3404,test,False
3405,train,False
3406,train,False
3407,train,False
3408,train,True
3409,train,True
3410,test,False
3411,train,False
3412,train,False
3413,test,True
3414,test,True
3415,train,False
3416,test,False
3417,train,False
3418,train,False
3419,test,False
3420,train,False
3421,train,True
3422,train,False
3423,test,False
3424,train,True
3425,train,False
3426,train,False
3427,test,True
3428,train,False
3429,train,False
3430,test,False
3431,train,False
3432,train,False
3433,train,True
3434,train,False
3435,test,False
3436,train,True
3437,train,False
3438,train,False
3439,train,False
3440,test,False
3441,train,True
3442,train,False
3443,train,True
3444,train,False
3445,train,False
3446,test,True
3447,train,False
3448,train,False
3449,test,False
3450,train,False
3451,train,False
3452,test,False
3453,train,False
3454,train,False
3455,train,True
3456,train,False
3457,train,True
3458,train,False
3459,train,True
3460,train,False
3461,test,False
3462,train,False
3463,train,False
3464,test,False
3465,test,False
3466,test,True
3467,train,False
3468,train,False
3469,train,False
3470,train,False
3471,train,True
3472,train,False
3473,test,True
3474,test,False
3475,train,True
3476,train,True
3477,train,False
3478,train,False
3479,train,False
3480,train,True
3481,train,False
3482,test,False
3483,train,False
3484,train,True
3485,train,True
3486,train,False
3487,train,False
3488,train,True
3489,train,False
3490,train,True
3491,train,False
3492,train,False
3493,train,True
3494,train,False
3495,train,False
3496,train,True
3497,train,False
3498,test,False
3499,test,False
3500,train,True
3501,train,True
3502,train,False
3503,train,True
3504,train,False
3505,test,False
3506,train,False
3507,train,False
3508,train,False
3509,test,False
3510,train,False
3511,train,True
3512,train,True
3513,test,False
3514,train,False
3515,train,False
3516,train,False
3517,train,False
3518,train,False
3519,train,False
3520,train,True
3521,train,True
3522,train,False
3523,train,False
3524,train,False
3525,train,False
3526,train,False
3527,train,True
3528,test,True
3529,train,False
3530,train,False
3531,train,True
3532,train,False
3533,train,False
3534,train,False
3535,train,True
3536,train,False
3537,train,False
3538,train,False
3539,test,False
3540,train,False
3541,train,False
3542,train,False
3543,train,False
3544,train,False
3545,train,True
3546,train,False
3547,train,False
3548,test,False
3549,train,True
3550,train,False
3551,train,True
3552,test,True
3553,train,False
3554,train,False
3555,test,True
3556,train,False
3557,train,False
3558,train,False
3559,train,False
3560,train,False
3561,test,False
3562,train,True
3563,train,False
3564,train,False
3565,train,False
3566,train,True
3567,train,False
3568,train,False
3569,test,False
3570,train,False
3571,train,False
3572,train,False
3573,test,False
3574,train,False
3575,train,False
3576,train,False
3577,train,True
3578,test,False
3579,train,False
3580,train,True
3581,train,False
3582,train,False
3583,test,False
3584,train,True
3585,test,False
3586,train,False
3587,train,False
3588,train,False
3589,train,True
3590,test,True
3591,train,False
3592,train,False
3593,train,False
3594,train,False
3595,train,False
3596,train,False
3597,test,False
3598,test,True
3599,train,False
3600,train,False
3601,train,True
3602,test,True
3603,train,False
3604,train,False
3605,train,False
3606,train,True
3607,train,True
3608,train,False
3609,train,True
3610,train,True
3611,train,False
3612,train,False
3613,train,False
3614,test,False
3615,train,False
3616,test,True
3617,train,False
3618,test,True
3619,train,False
3620,train,False
3621,train,False
3622,train,False
3623,train,False
3624,train,False
3625,train,False
3626,test,False
3627,train,False
3628,train,False
3629,train,False
3630,train,False
3631,train,False
3632,train,False
3633,train,True
3634,train,False
3635,train,False
3636,test,True
3637,train,True
3638,train,True
3639,train,False
3640,train,True
3641,train,False
3642,train,True
3643,train,True
3644,train,False
3645,train,True
3646,train,False
3647,test,False
3648,train,False
3649,train,True
3650,train,True
3651,train,False
3652,test,False
3653,train,False
3654,train,False
3655,test,False
3656,train,False
3657,train,False
3658,train,False
3659,train,True
3660,train,False
3661,train,False
3662,test,False
3663,train,False
3664,train,False
3665,train,False
3666,test,False
3667,train,False
3668,train,True
3669,test,False
3670,train,False
3671,test,True
3672,train,False
3673,train,False
3674,train,True
3675,train,True
3676,test,False
3677,train,False
3678,test,False
3679,train,True
3680,train,True
3681,train,False
3682,train,False
3683,test,False
3684,train,False
3685,train,False
3686,test,False
3687,test,False
3688,test,False
3689,train,False
3690,train,False
3691,train,False
3692,train,False
3693,train,True
3694,train,False
3695,train,True
3696,train,False
3697,train,True
3698,train,True
3699,train,False
3700,train,False
3701,train,False
3702,train,False
3703,train,True
3704,train,False
3705,train,False
3706,train,False
3707,train,True
3708,train,False
3709,train,False
3710,train,False
3711,train,False
3712,train,False
3713,train,False
3714,test,False
3715,train,False
3716,train,False
3717,train,False
3718,test,True
3719,test,False
3720,train,False
3721,train,False
3722,train,True
3723,train,True
3724,train,False
3725,train,False
3726,train,True
3727,train,False
3728,train,False
3729,train,False
3730,test,False
3731,test,False
3732,train,False
3733,train,True
3734,train,False
3735,train,False
3736,train,False
3737,train,False
3738,train,False
3739,train,False
3740,train,False
3741,train,False
3742,train,False
3743,train,False
3744,test,True
3745,train,True
3746,train,False
3747,test,True
3748,train,False
3749,train,False
3750,test,False
3751,train,False
3752,train,False
3753,test,False
3754,train,False
3755,test,False
3756,test,False
3757,test,False
3758,train,False
3759,train,False
3760,train,False
3761,train,True
3762,train,False
3763,train,False
3764,test,True
3765,train,False
3766,train,True
3767,train,False
3768,train,False
3769,train,False
3770,test,False
3771,test,False
3772,train,True
3773,train,True
3774,test,False
3775,train,True
3776,train,True
3777,test,False
3778,train,False
3779,train,False
3780,train,True
3781,train,False
3782,train,False
3783,test,False
3784,train,False
3785,train,False
3786,train,False
3787,train,True
3788,train,False
3789,train,False
3790,train,False
3791,train,False
3792,test,False
3793,train,False
3794,train,False
3795,test,True
3796,train,False
3797,train,True
3798,train,False
3799,train,False
3800,train,False
3801,train,False
3802,train,False
3803,train,False
3804,test,True
3805,train,False
3806,train,True
3807,train,False
3808,train,False
3809,test,False
3810,train,False
3811,train,False
3812,test,False
3813,train,False
3814,train,False
3815,train,False
3816,train,False
3817,train,False
3818,test,True
3819,test,False
3820,train,True
3821,train,True
3822,train,False
3823,train,False
3824,train,False
3825,train,True
3826,train,False
3827,test,True
3828,train,False
3829,train,True
3830,train,True
3831,train,False
3832,train,True
3833,train,True
3834,train,False
3835,train,True
3836,train,False
3837,train,False
3838,test,True
3839,train,False
3840,train,False
3841,train,False
3842,test,False
3843,train,False
3844,train,False
3845,test,False
3846,train,False
3847,train,False
3848,train,False
3849,train,True
3850,train,False
3851,train,True
3852,train,False
3853,train,True
3854,train,False
3855,train,False
3856,train,False
3857,test,False
3858,test,True
3859,train,False
3860,train,False
3861,train,False
3862,train,False
3863,train,False
3864,train,False
3865,train,False
3866,train,False
3867,train,False
3868,train,True
3869,train,False
3870,train,True
3871,train,False
3872,train,False
3873,test,False
3874,test,False
3875,train,False
3876,train,False
3877,train,True
3878,test,True
3879,train,True
3880,train,False
3881,train,False
3882,test,False
3883,train,True
3884,train,False
3885,train,False
3886,test,False
3887,train,True
3888,train,False
3889,test,False
3890,train,False
3891,train,False
3892,train,False
3893,test,False
3894,train,False
3895,train,False
3896,train,True
3897,train,False
3898,test,False
3899,train,False
3900,test,True
3901,train,False
3902,train,True
3903,train,False
3904,train,False
3905,train,False
3906,train,False
3907,train,False
3908,test,False
3909,train,False
3910,test,False
3911,train,True
3912,train,False
3913,train,False
3914,train,False
3915,test,False
3916,train,False
3917,train,True
3918,train,False
3919,train,False
3920,train,True
3921,train,True
3922,test,True
3923,train,True
3924,train,False
3925,train,False
3926,train,True
3927,train,False
3928,test,False
3929,train,True
3930,test,False
3931,train,False
3932,test,False
3933,train,False
3934,train,True
3935,test,False
3936,train,True
3937,train,False
3938,train,False
3939,train,False
3940,train,False
3941,train,False
3942,train,False
3943,train,False
3944,train,False
3945,test,False
3946,test,False
3947,train,True
3948,train,False
3949,train,False
3950,train,False
3951,train,False
3952,train,True
3953,train,True
3954,test,True
3955,train,True
3956,train,False
3957,test,False
3958,train,False
3959,train,False
3960,train,False
3961,test,False
3962,train,False
3963,train,False
3964,train,True
3965,train,False
3966,train,False
3967,test,False
3968,train,False
3969,train,False
3970,train,True
3971,train,False
3972,train,False
3973,train,False
3974,test,False
3975,train,False
3976,train,True
3977,test,False
3978,train,True
3979,train,False
3980,train,False
3981,train,False
3982,train,False
3983,test,False
3984,train,False
3985,train,True
3986,train,True
3987,train,False
3988,train,False
3989,test,False
3990,test,False
3991,train,False
3992,test,False
3993,train,False
3994,train,False
3995,train,False
3996,train,False
3997,train,False
3998,train,True
3999,train,False
4000,train,False
4001,train,False
4002,train,False
4003,train,False
4004,train,False
4005,train,False
4006,train,False
4007,train,False
4008,train,False
4009,train,True
4010,train,False
4011,train,False
4012,train,True
4013,train,False
4014,train,False
4015,train,False
4016,train,False
4017,train,False
4018,test,False
4019,train,True
4020,test,True
4021,train,False
4022,train,False
4023,train,False
4024,train,False
4025,train,True
4026,test,True
4027,train,False
4028,train,True
4029,train,False
4030,train,False
4031,test,True
4032,train,False
4033,train,False
4034,train,False
4035,train,False
4036,train,False
4037,train,False
4038,train,True
4039,train,False
4040,test,False
4041,train,False
4042,test,True
4043,train,False
4044,train,False
4045,train,False
4046,train,False
4047,train,False
4048,train,False
4049,train,False
4050,train,False
4051,train,True
4052,train,False
4053,train,False
4054,train,False
4055,test,True
4056,train,True
4057,train,False
4058,train,False
4059,test,False
4060,train,False
4061,train,False
4062,train,False
4063,train,False
4064,train,False
4065,train,False
4066,test,False
4067,train,False
4068,train,False
4069,train,True
4070,test,False
4071,train,False
4072,train,True
4073,train,True
4074,train,False
4075,train,False
4076,train,False
4077,train,False
4078,train,False
4079,test,False
4080,test,False
4081,train,False
4082,train,True
4083,train,False
4084,train,True
4085,train,True
4086,train,False
4087,train,False
4088,train,True
4089,train,False
4090,train,False
4091,train,True
4092,test,False
4093,train,True
4094,train,False
4095,test,False
4096,train,True
4097,test,False
4098,train,False
4099,train,False
4100,train,False
4101,test,False
4102,train,True
4103,train,False
4104,train,False
4105,train,True
4106,test,False
4107,train,False
4108,train,False
4109,train,False
4110,train,False
4111,train,False
4112,train,False
4113,train,True
4114,train,True
4115,test,False
4116,train,False
4117,test,False
4118,test,False
4119,train,False
4120,test,False
4121,train,False
4122,train,False
4123,train,False
4124,train,False
4125,test,True
4126,train,False
4127,train,True
4128,train,False
4129,train,False
4130,train,False
4131,test,False
4132,train,False
4133,train,False
4134,train,False
4135,train,False
4136,test,True
4137,train,False
4138,train,False
4139,train,False
4140,train,False
4141,train,False
4142,train,False
4143,train,False
4144,train,False
4145,test,False
4146,test,False
4147,train,False
4148,train,False
4149,train,False
4150,train,False
4151,train,False
4152,train,False
4153,train,False
4154,test,False
4155,train,False
4156,test,False
4157,train,True
4158,train,False
4159,train,False
4160,train,False
4161,train,True
4162,train,False
4163,train,False
4164,test,False
4165,train,False
4166,train,False
4167,train,False
4168,train,False
4169,test,False
4170,test,True
4171,test,True
4172,test,False
4173,train,False
4174,train,True
4175,train,False
4176,train,False
4177,train,False
4178,test,False
4179,train,False
4180,train,False
4181,test,True
4182,train,True
4183,test,False
4184,train,False
4185,train,False
4186,train,False
4187,test,False
4188,train,True
4189,train,False
4190,train,False
4191,train,True
4192,test,False
4193,train,False
4194,train,False
4195,train,False
4196,train,False
4197,train,False
4198,test,False
4199,train,True
4200,train,False
4201,train,True
4202,train,False
4203,test,False
4204,train,False
4205,train,True
4206,train,False
4207,train,True
4208,train,False
4209,train,True
4210,train,True
4211,train,True
4212,train,True
4213,train,False
4214,train,False
4215,train,False
4216,train,False
4217,train,True
4218,test,False
4219,test,False
4220,train,True
4221,train,False
4222,test,False
4223,train,False
4224,train,False
4225,train,False
4226,train,False
4227,train,True
4228,train,False
4229,train,False
4230,train,False
4231,test,True
4232,train,False
4233,train,False
4234,train,False
4235,train,True
4236,train,False
4237,train,False
4238,test,False
4239,train,True
4240,train,False
4241,train,False
4242,test,False
4243,train,True
4244,train,False
4245,train,False
4246,train,False
4247,train,False
4248,train,True
4249,train,False
4250,train,True
4251,test,False
4252,test,True
4253,train,False
4254,test,True
4255,test,False
4256,train,True
4257,train,True
4258,train,False
4259,test,False
4260,train,False
4261,train,False
4262,train,False
4263,train,False
4264,train,False
4265,train,False
4266,train,True
4267,train,False
4268,train,False
4269,train,False
4270,train,False
4271,train,False
4272,train,False
4273,train,False
4274,train,False
4275,test,True
4276,train,False
4277,train,False
4278,train,False
4279,train,False
4280,test,False
4281,test,False
4282,test,True
4283,train,False
4284,train,False
4285,train,False
4286,train,False
4287,train,False
4288,train,False
4289,train,False
4290,train,False
4291,test,False
4292,test,False
4293,train,False
4294,test,False
4295,test,False
4296,train,False
4297,train,False
4298,train,False
4299,train,False
4300,train,False
4301,train,False
4302,train,False
4303,train,False
4304,train,False
4305,train,False
4306,train,False
4307,train,False
4308,train,True
4309,train,True
4310,test,False
4311,train,True
4312,test,False
4313,train,False
4314,train,True
4315,train,False
4316,test,True
4317,test,False
4318,test,False
4319,train,True
4320,train,False
4321,train,False
4322,test,False
4323,test,False
4324,train,False
4325,train,False
4326,train,False
4327,train,False
4328,train,False
4329,train,True
4330,train,False
4331,test,False
4332,train,True
4333,train,True
4334,train,False
4335,test,False
4336,test,False
4337,train,False
4338,test,False
4339,test,False
4340,train,False
4341,test,False
4342,test,True
4343,train,False
4344,test,False
4345,train,False
4346,train,False
4347,train,False
4348,test,True
4349,train,False
4350,train,False
4351,train,False
4352,train,False
4353,train,False
4354,train,True
4355,test,True
4356,train,False
4357,train,True
4358,train,False
4359,train,True
4360,train,False
4361,train,False
4362,test,False
4363,test,True
4364,train,True
4365,train,False
4366,train,False
4367,train,False
4368,train,False
4369,train,True
4370,train,False
4371,test,True
4372,train,False
4373,train,True
4374,train,True
4375,train,False
4376,train,False
4377,train,True
4378,train,False
4379,train,False
4380,train,False
4381,test,False
4382,train,True
4383,train,True
4384,train,False
4385,train,True
4386,test,True
4387,train,True
4388,train,False
4389,test,True
4390,train,True
4391,test,False
4392,train,True
4393,test,False
4394,train,True
4395,train,True
4396,train,True
4397,train,False
4398,test,False
4399,train,False
4400,train,False
4401,train,False
4402,train,False
4403,test,True
4404,train,True
4405,test,False
4406,train,False
4407,test,True
4408,test,False
4409,train,False
4410,train,False
4411,train,False
4412,train,False
4413,test,False
4414,train,False
4415,train,False
4416,train,False
4417,train,False
4418,test,False
4419,train,True
4420,test,False
4421,train,False
4422,train,True
4423,train,False
4424,train,False
4425,train,True
4426,train,False
4427,train,False
4428,train,False
4429,train,False
4430,train,False
4431,train,False
4432,train,False
4433,train,False
4434,test,False
4435,test,False
4436,train,True
4437,train,False
4438,train,False
4439,test,True
4440,train,False
4441,test,False
4442,train,False
4443,train,False
4444,train,False
4445,train,True
4446,train,False
4447,train,False
4448,train,False
4449,train,False
4450,test,False
4451,test,False
4452,train,False
4453,train,False
4454,train,False
4455,test,False
4456,train,False
4457,test,False
4458,train,False
4459,train,True
4460,test,False
4461,train,True
4462,test,False
4463,train,True
4464,train,False
4465,train,False
4466,test,False
4467,train,False
4468,train,True
4469,train,True
4470,train,False
4471,train,True
4472,train,True
4473,train,False
4474,train,True
4475,train,True
4476,train,False
4477,train,False
4478,test,False
4479,train,False
4480,train,False
4481,train,True
4482,train,False
4483,train,False
4484,train,True
4485,test,False
4486,train,False
4487,test,False
4488,train,False
4489,train,False
4490,train,False
4491,train,False
4492,test,True
4493,train,False
4494,train,True
4495,train,True
4496,test,False
4497,train,False
4498,train,True
4499,train,False
4500,train,False
4501,test,True
4502,train,True
4503,train,False
4504,train,False
4505,train,True
4506,train,False
4507,train,False
4508,test,True
4509,train,True
4510,train,False
4511,test,False
4512,train,True
4513,train,True
4514,train,True
4515,train,True
4516,train,False
4517,test,False
4518,train,False
4519,train,True
4520,train,True
4521,test,True
4522,test,False
4523,train,True
4524,train,True
4525,train,False
4526,train,False
4527,train,False
4528,train,True
4529,train,False
4530,train,False
4531,train,False
4532,train,False
4533,train,True
4534,test,False
4535,train,False
4536,train,True
4537,train,False
4538,test,False
4539,train,False
4540,test,True
4541,test,False
4542,train,True
4543,test,True
4544,train,False
4545,train,False
4546,train,True
4547,train,False
4548,train,True
4549,train,False
4550,test,False
4551,train,False
4552,train,False
4553,train,False
4554,train,False
4555,train,True
4556,train,False
4557,train,False
4558,train,True
4559,train,False
4560,train,False
4561,train,False
4562,train,False
4563,train,False
4564,train,True
4565,train,False
4566,train,True
4567,train,False
4568,test,False
4569,train,False
4570,test,True
4571,train,False
4572,train,False
4573,test,False
4574,test,False
4575,train,False
4576,train,False
4577,train,False
4578,train,False
4579,train,False
4580,test,False
4581,train,False
4582,train,False
4583,train,False
4584,train,False
4585,train,False
4586,train,False
4587,train,False
4588,train,False
4589,train,False
4590,train,False
4591,train,True
4592,test,False
4593,train,False
4594,train,False
4595,train,False
4596,train,False
4597,test,False
4598,train,False
4599,train,False
4600,train,False
4601,train,False
4602,test,False
4603,train,False
4604,train,True
4605,train,True
4606,train,True
4607,train,False
4608,train,False
4609,test,False
4610,train,True
4611,test,False
4612,train,False
4613,train,True
4614,train,False
4615,train,True
4616,test,False
4617,train,False
4618,train,False
4619,train,True
4620,train,False
4621,train,False
4622,train,False
4623,train,False
4624,train,False
4625,train,False
4626,train,False
4627,train,False
4628,train,False
4629,train,False
4630,train,False
4631,train,True
4632,train,False
4633,train,False
4634,train,False
4635,train,False
4636,train,False
4637,train,False
4638,train,False
4639,test,True
4640,train,False
4641,train,False
4642,train,True
4643,test,False
4644,train,False
4645,test,False
4646,train,True
4647,train,False
4648,train,False
4649,train,False
4650,train,False
4651,train,False
4652,train,False
4653,train,False
4654,train,True
4655,train,True
4656,train,False
4657,train,False
4658,train,True
4659,train,False
4660,train,False
4661,test,False
4662,train,False
4663,train,False
4664,train,False
4665,train,True
4666,train,False
4667,train,False
4668,train,False
4669,train,False
4670,train,False
4671,train,True
4672,train,False
4673,test,True
4674,train,False
4675,test,False
4676,test,False
4677,train,False
4678,train,False
4679,test,True
4680,train,False
4681,train,False
4682,train,False
4683,train,False
4684,train,False
4685,test,False
4686,train,False
4687,train,False
4688,train,False
4689,train,True
4690,train,True
4691,test,True
4692,test,False
4693,train,False
4694,train,True
4695,train,False
4696,train,False
4697,train,False
4698,train,True
4699,train,True
4700,train,False
4701,test,False
4702,train,False
4703,test,False
4704,train,False
4705,train,False
4706,train,False
4707,test,False
4708,train,False
4709,test,False
4710,train,True
4711,train,False
4712,train,False
4713,test,False
4714,train,False
4715,train,False
4716,train,False
4717,train,False
4718,train,False
4719,test,False
4720,train,False
4721,test,False
4722,train,False
4723,train,True
4724,train,False
4725,train,True
4726,train,False
4727,test,False
4728,train,False
4729,train,False
4730,train,False
4731,train,False
4732,train,True
4733,train,False
4734,train,False
4735,train,False
4736,train,True
4737,train,False
4738,train,False
4739,train,False
4740,train,False
4741,train,False
4742,test,False
4743,train,False
4744,train,False
4745,train,False
4746,train,False
4747,train,False
4748,train,False
4749,train,False
4750,train,False
4751,test,False
4752,train,False
4753,train,False
4754,train,False
4755,test,False
4756,train,False
4757,train,True
4758,train,True
4759,test,False
4760,train,False
4761,train,True
4762,test,False
4763,train,False
4764,train,False
4765,train,True
4766,train,True
4767,train,False
4768,test,False
4769,test,False
4770,train,False
4771,train,False
4772,train,True
4773,test,False
4774,test,False
4775,train,True
4776,train,False
4777,train,True
4778,train,False
4779,train,False
4780,train,True
4781,train,False
4782,train,False
4783,test,False
4784,train,False
4785,train,False
4786,train,False
4787,train,True
4788,train,True
4789,train,False
4790,train,False
4791,train,False
4792,train,True
4793,train,False
4794,train,True
4795,train,True
4796,test,True
4797,train,False
4798,test,True
4799,train,True
4800,train,False
4801,test,False
4802,train,True
4803,train,True
4804,train,False
4805,train,False
4806,train,False
4807,train,False
4808,test,False
4809,train,False
4810,train,False
4811,train,False
4812,train,False
4813,train,True
4814,train,True
4815,test,True
4816,test,False
4817,train,False
4818,test,False
4819,train,False
4820,train,False
4821,train,True
4822,train,False
4823,train,False
4824,train,False
4825,train,False
4826,train,False
4827,test,False
4828,test,True
4829,train,False
4830,train,False
4831,train,True
4832,train,False
4833,train,False
4834,train,False
4835,train,False
4836,train,False
4837,train,False
4838,train,True
4839,train,False
4840,train,False
4841,train,False
4842,train,True
4843,train,False
4844,train,False
4845,train,False
4846,test,False
4847,train,True
4848,train,True
4849,train,False
4850,train,True
4851,train,False
4852,train,False
4853,train,False
4854,train,False
4855,train,True
4856,train,False
4857,test,False
4858,train,False
4859,train,False
4860,train,False
4861,train,False
4862,train,False
4863,train,False
4864,train,True
4865,test,True
4866,train,False
4867,train,False
4868,train,False
4869,train,False
4870,test,True
4871,test,False
4872,train,False
4873,train,False
4874,test,True
4875,train,False
4876,train,True
4877,train,False
4878,train,False
4879,train,False
4880,train,False
4881,train,True
4882,train,False
4883,train,False
4884,train,True
4885,train,False
4886,train,False
4887,train,True
4888,train,False
4889,train,False
4890,test,False
4891,test,True
4892,train,False
4893,train,False
4894,train,True
4895,train,False
4896,train,True
4897,train,False
4898,train,True
4899,train,False
4900,test,False
4901,train,False
4902,train,False
4903,train,False
4904,train,False
4905,train,False
4906,train,False
4907,train,False
4908,train,True
4909,train,True
4910,train,False
4911,train,False
4912,train,True
4913,train,False
4914,test,False
4915,test,False
4916,train,False
4917,test,False
4918,train,False
4919,train,False
4920,train,True
4921,test,False
4922,train,False
4923,train,True
4924,train,False
4925,train,False
4926,train,False
4927,train,False
4928,train,False
4929,test,True
4930,train,False
4931,train,False
4932,train,True
4933,train,False
4934,train,False
4935,train,False
4936,train,False
4937,train,False
4938,train,False
4939,train,False
4940,train,False
4941,train,False
4942,train,False
4943,train,False
4944,train,False
4945,train,True
4946,train,True
4947,test,False
4948,train,False
4949,train,False
4950,test,True
4951,train,True
4952,train,False
4953,train,False
4954,train,False
4955,test,False
4956,train,False
4957,train,False
4958,train,False
4959,test,False
4960,train,False
4961,train,False
4962,train,False
4963,test,True
4964,test,False
4965,train,True
4966,train,False
4967,train,False
4968,train,False
4969,train,False
4970,train,False
4971,train,False
4972,test,False
4973,train,False
4974,train,False
4975,train,False
4976,train,False
4977,train,False
4978,test,False
4979,train,True
4980,test,False
4981,train,False
4982,train,True
4983,train,False
4984,train,False
4985,train,True
4986,train,False
4987,train,True
4988,train,True
4989,train,False
4990,train,True
4991,train,True
4992,train,False
4993,test,False
4994,train,False
4995,train,False
4996,train,True
4997,train,False
4998,train,False
4999,train,False
5000,train,False
